"Wijken en buurten","Gemeentenaam","Soort regio","Codering","Indelingswijziging wijken en buurten","Aantal inwoners","Mannen","Vrouwen","0 tot 15 jaar","15 tot 25 jaar","25 tot 45 jaar","45 tot 65 jaar","65 jaar of ouder","Ongehuwd","Gehuwd","Gescheiden","Verweduwd","Westers totaal","Niet-westers totaal","Marokko","Nederlandse Antillen en Aruba","Suriname","Turkije","Overig niet-westers","Geboorte totaal","Geboorte relatief","Sterfte totaal","Sterfte relatief","Huishoudens totaal","Eenpersoonshuishoudens","Huishoudens zonder kinderen","Huishoudens met kinderen","Gemiddelde huishoudensgrootte","Bevolkingsdichtheid","Woningvoorraad","Gemiddelde woningwaarde","Percentage eengezinswoning","Percentage meergezinswoning","Percentage bewoond","Percentage onbewoond","Koopwoningen","Huurwoningen totaal","In bezit woningcorporatie","In bezit overige verhuurders","Eigendom onbekend","Bouwjaar voor 2000","Bouwjaar vanaf 2000","Gemiddeld elektriciteitsverbruik totaal","Appartement","Tussenwoning","Hoekwoning","Twee-onder-��n-kap-woning","Vrijstaande woning","Huurwoning","Koopwoning","Gemiddeld aardgasverbruik totaal","Appartement1","Tussenwoning1","Hoekwoning1","Twee-onder-��n-kap-woning1","Vrijstaande woning1","Huurwoning1","Koopwoning1","Percentage woningen met stadsverwarming","Aantal inkomensontvangers��","Gemiddeld inkomen per inkomensontvanger�","Gemiddeld inkomen per inwoner�","40% personen met laagste inkomen","20% personen met hoogste inkomen","Actieven 15-75 jaar","40% huishoudens met laagste inkomen","20% huishoudens met hoogste inkomen","Huishoudens met een laag inkomen","Huish. onder of rond sociaal minimum","Personen per soort uitkering, Bijstand","Personen per soort uitkering, AO","Personen per soort uitkering, WW","Personen per soort uitkering, AOW","Bedrijfsvestigingen totaal","A Landbouw, bosbouw en visserij","B-F Nijverheid en energie","G+I Handel en horeca","H+J Vervoer, informatie en communicatie","K-L Financi�le diensten, onroerend goed","M-N Zakelijke dienstverlening","R-U Cultuur, recreatie, overige diensten","Personenauto's totaal","Personenauto's, jonger dan 6 jaar","Personenauto's, 6 jaar en ouder","Personenauto's, brandstof benzine","Personenauto's, overige brandstof","Personenauto's per huishouden","Personenauto's naar oppervlakte","Bedrijfsmotorvoertuigen","Motortweewielers","Afstand tot huisartsenpraktijk","Afstand tot grote supermarkt","Afstand tot kinderdagverblijf","Afstand tot school","Scholen binnen 3 km","Oppervlakte totaal","Oppervlakte land","Oppervlakte water","Meest voorkomende postcode","Dekkingspercentage","Mate van stedelijkheid","Omgevingsadressendichtheid"
"Amsterdam","Amsterdam","Gemeente","GM0363",".","821752","404881","416871","127467","106422","288230","202117","97516","519229","203808","73700","25015","134524","285123","74254","12135","66638","42375","89721","11103","13","5453","6","449209","247417","90851","110941","1.8","4954","416966","232","12","88",".",".",".",".",".",".",".","88","12",".",".",".",".",".",".",".",".",".",".",".",".",".",".",".",".",".",".",".",".",".",".",".",".",".",".",".","42710","36670","21200","95460","106055","105","7500","19155","13565","9405","35475","20850","228690","69525","159165","179960","48730","0.5","1379","23480","18010","0.5","0.5","0.4",".",".","21949","16589","5360",".",".","1","5968"
"Stadsdeel Centrum","Amsterdam","Wijk","WK036300","1","86360","44465","41895","8395","10480","31930","24285","11280","58540","18560","7225","2045","21030","12605","1470","735","2625","835","6945","890","10","585","6","55915","36505","11500","7920","1.5","13754","53937","319","5","95",".",".",".",".",".",".",".","93","7",".",".",".",".",".",".",".",".",".",".",".",".",".",".",".",".",".",".",".",".",".",".",".",".",".",".",".","2710","3070","2100","10950","23240","10","970","5140","2515","2255","7705","4640","19920","5410","14510","15820","4095","0.4","3172","2000","2375","0.4","0.3","0.3",".",".","804","628","176",".",".","1","8791"
"Burgwallen-Oude Zijde","Amsterdam","Buurt","BU03630000","1","4250","2310","1940","255","730","1975","960","345","3260","630","305","65","1240","605","30","40","80","35","420","40","9","15","3","3075","2200","625","255","1.4","12163","2839","271","5","95",".",".",".",".",".",".",".","97","3",".",".",".",".",".",".",".",".",".",".",".",".",".",".",".",".",".",".",".",".",".",".",".",".",".",".",".","100","90","100","330","1865","0","40","620","190","180","405","430","705","175","525","560","145","0.2","2010","110","140","0.2","0.3","0.3",".",".","41","35","6","1012","1","1","7554"
"Burgwallen-Nieuwe Zijde","Amsterdam","Buurt","BU03630001","1","4535","2485","2050","250","725","2375","870","320","3590","620","290","45","1350","795","65","60","115","40","515","40","8","20","5","3200","2325","690","195","1.4","7396","3012","279","6","94",".",".",".",".",".",".",".","99","1",".",".",".",".",".",".",".",".",".",".",".",".",".",".",".",".",".",".",".",".",".",".",".",".",".",".",".","90","150","120","300","2425","0","55","1090","215","190","495","380","875","325","550","675","200","0.3","1427","120","115","0.4","0.3","0.6",".",".","75","61","14","1012","1","1","9216"
"Grachtengordel-West","Amsterdam","Buurt","BU03630002","1","7060","3745","3310","650","900","2455","1975","1085","4550","1910","450","160","2215","645","15","50","75","45","460","80","11","20","3","4605","2945","1095","570","1.5","14066","4670","498","9","91",".",".",".",".",".",".",".","99","1",".",".",".",".",".",".",".",".",".",".",".",".",".",".",".",".",".",".",".",".",".",".",".",".",".",".",".","50","110","110","1050","3170","0","80","610","340","420","1235","485","2235","650","1585","1770","465","0.5","4453","150","185","0.3","0.3","0.3",".",".","64","50","14","1016","6","1","10427"
"Grachtengordel-Zuid","Amsterdam","Buurt","BU03630003","1","4400","2340","2055","475","525","1625","1140","645","2835","1170","300","110","1200","440","25","20","50","45","305","45","10","10","2","2800","1780","640","390","1.6","10366","2697","489","14","86",".",".",".",".",".",".",".","99","1",".",".",".",".",".",".",".",".",".",".",".",".",".",".",".",".",".",".",".",".",".",".",".",".",".",".",".","50","70","60","630","1960","0","65","480","170","300","690","255","1405","455","950","1105","300","0.5","3305","95","130","0.4","0.3","0.3",".",".","52","42","10","1017","1","1","8974"
"Nieuwmarkt/Lastage","Amsterdam","Buurt","BU03630004","1","9530","4975","4555","810","1195","3215","2960","1365","6345","2020","915","260","2405","1235","75","70","265","80","745","70","7","75","8","6330","4165","1300","875","1.5","13410","6033","301","3","97",".",".",".",".",".",".",".","92","8",".",".",".",".",".",".",".",".",".",".",".",".",".",".",".",".",".",".",".",".",".",".",".",".",".",".",".","300","340","230","1330","2160","0","110","385","255","165","725","520","1950","555","1395","1515","430","0.3","2741","220","250","0.4","0.3","0.3",".",".","108","71","37","1011","1","1","6964"
"Haarlemmerbuurt","Amsterdam","Buurt","BU03630005","1","9290","4675","4615","1125","860","3145","2895","1275","5890","2300","870","235","2065","1465","195","80","365","80","745","100","11","65","6","5630","3405","1205","1030","1.6","17058","5568","307","2","98",".",".",".",".",".",".",".","76","24",".",".",".",".",".",".",".",".",".",".",".",".",".",".",".",".",".",".",".",".",".",".",".",".",".",".",".","350","390","230","1260","2190","5","115","410","245","175","780","460","2240","705","1535","1660","580","0.4","4113","245","265","0.4","0.4","0.3",".",".","82","54","27","1013","1","1","7945"
"Jordaan","Amsterdam","Buurt","BU03630006","1","19390","9770","9615","1805","1940","7255","5615","2775","13270","3845","1765","520","4570","2360","285","180","430","180","1285","215","11","150","7","13020","8810","2445","1770","1.5","23195","12934","281","4","96",".",".",".",".",".",".",".","98","2",".",".",".",".",".",".",".",".",".",".",".",".",".",".",".",".",".",".",".",".",".",".",".",".",".",".",".","720","800","530","2720","3965","0","235","725","445","310","1295","955","4020","910","3110","3345","675","0.3","4810","415","585","0.3","0.3","0.3",".",".","96","84","12","1015","5","1","11201"
"De Weteringschans","Amsterdam","Buurt","BU03630007","1","7350","3750","3595","775","905","3035","1790","850","5055","1685","475","145","1940","800","40","60","115","70","520","90","12","25","3","4725","3020","1065","645","1.6","13263","4559","359","7","93",".",".",".",".",".",".",".","96","4",".",".",".",".",".",".",".",".",".",".",".",".",".",".",".",".",".",".",".",".",".",".",".",".",".",".",".","100","170","160","820","2215","0","80","485","225","275","780","365","1840","470","1370","1480","360","0.4","3324","170","195","0.3","0.3","0.3",".",".","65","55","10","1017","1","1","9355"
"Weesperbuurt/Plantage","Amsterdam","Buurt","BU03630008","1","7600","3895","3700","690","1130","2705","2010","1070","5260","1475","640","235","1765","1140","115","60","280","45","645","70","9","100","13","4845","3305","925","620","1.5","10498","4203","319","3","97",".",".",".",".",".",".",".","96","4",".",".",".",".",".",".",".",".",".",".",".",".",".",".",".",".",".",".",".",".",".",".",".",".",".",".",".","240","270","180","980","1340","0","70","135","160","105","570","295","1625","445","1175","1275","350","0.3","2243","175","135","0.6","0.3","0.3",".",".","86","72","13","1018","1","1","7639"
"Oostelijke Eilanden/Kadijken","Amsterdam","Buurt","BU03630009","1","12945","6500","6445","1575","1585","4155","4080","1555","8505","2920","1235","295","2295","3130","635","125","855","215","1305","135","10","95","7","7670","4565","1525","1585","1.7","12693","7422","254","1","99",".",".",".",".",".",".",".","87","13",".",".",".",".",".",".",".",".",".",".",".",".",".",".",".",".",".",".",".",".",".",".",".",".",".",".",".","720","690","360","1520","1955","0","115","205","275","135","730","495","3025","720","2305","2435","590","0.4","2968","305","375","0.5","0.4","0.5",".",".","135","102","33","1018","1","1","6233"
"Stadsdeel Westpoort","Amsterdam","Wijk","WK036301","1","405","285","115","20","40","170","145","35","300","60","45","5","130","70","10","0","20","5","40","0","7","0","4","270","230","25","25","1.3","16","105","185","50","50",".",".",".",".",".",".",".","71","29",".",".",".",".",".",".",".",".",".",".",".",".",".",".",".",".",".",".",".",".",".",".",".",".",".",".",".","20","20","10","30","2780","0","425","700","445","385","625","195","3360","2740","620","1505","1855",".",".","2960","125","3.3","2.9","2.7",".",".","3528","2605","924",".",".","4","782"
"Westelijk Havengebied","Amsterdam","Buurt","BU03630110","1","190","125","65","15","20","65","85","20","140","30","25","5","55","15","0","0","5","0","10","0","5","0","5","145","120","10","20","1.3","10","43","186","88","12",".",".",".",".",".",".",".","88","12",".",".",".",".",".",".",".",".",".",".",".",".",".",".",".",".",".",".",".",".",".",".",".",".",".",".",".","10","10","0","20","1245","0","210","290","245","155","265","80","1640","1355","285","745","900",".",".","1535","65","4.4","4.1","3.9",".",".","2847","1947","900","1013","6","4","579"
"Bedrijventerrein Sloterdijk","Amsterdam","Buurt","BU03630111","1","210","155","50","10","25","105","60","15","165","30","20","0","75","60","10","0","20","5","30","0","9","0","4","125","110","15","10","1.2","32","62",".","23","77",".",".",".",".",".",".",".","60","40",".",".",".",".",".",".",".",".",".",".",".",".",".",".",".",".",".",".",".",".",".",".",".",".",".",".",".","10","10","0","10","1530","0","215","410","200","230","360","115","1720","1385","335","760","955",".",".","1430","60","2.3","1.8","1.7",".",".","682","658","24","1043","6","4","930"
"Stadsdeel West","Amsterdam","Wijk","WK036302","1","142640","70510","72125","19280","17280","61975","31790","12320","99610","28650","11470","2920","25240","43775","14540","1515","6960","8060","12705","2125","14","775","5","84640","50865","17030","16755","1.7","16344","76991","214","1","99",".",".",".",".",".",".",".","94","6",".",".",".",".",".",".",".",".",".",".",".",".",".",".",".",".",".",".",".",".",".",".",".",".",".",".",".","8280","6150","3850","12120","18405","5","1180","2820","2450","930","6295","4730","29630","6120","23510","23760","5870","0.4","3395","2970","3150","0.3","0.3","0.3",".",".","990","873","117",".",".","1","8973"
"Houthavens","Amsterdam","Buurt","BU03630212","1","1595","725","865","80","705","425","295","95","1305","220","65","15","425","245","20","35","35","15","145","5","3","5","2","1255","1015","175","70","1.3","5247","1041","167","0","100",".",".",".",".",".",".",".","18","82",".",".",".",".",".",".",".",".",".",".",".",".",".",".",".",".",".",".",".",".",".",".",".",".",".",".",".","20","20","30","90","240","0","10","20","40","20","110","40","245","65","180","190","60","0.2","812","40","30","0.5","0.7","0.8",".",".","90","30","59","1013","1","1","3193"
"Spaarndammer- en Zeeheldenbuurt","Amsterdam","Buurt","BU03630213","1","10755","5340","5415","1465","1040","4235","2875","1145","7225","2115","1145","280","1770","3375","890","150","915","260","1160","155","14","80","7","6285","3700","1195","1395","1.7","7930","6011","208","0","100",".",".",".",".",".",".",".","98","2",".",".",".",".",".",".",".",".",".",".",".",".",".",".",".",".",".",".",".",".",".",".",".",".",".",".",".","920","600","320","1160","1460","0","85","190","240","60","510","370","2235","485","1750","1815","415","0.4","1646","180","230","0.3","0.4","0.4",".",".","140","136","4","1013","1","1","5272"
"Staatsliedenbuurt","Amsterdam","Buurt","BU03630214","1","13050","6510","6535","1650","1150","5805","3405","1050","9340","2435","1055","230","2600","3135","880","120","605","250","1290","175","13","40","3","8020","4935","1580","1510","1.6","27736","7819","221","0","100",".",".",".",".",".",".",".","92","8",".",".",".",".",".",".",".",".",".",".",".",".",".",".",".",".",".",".",".",".",".",".",".",".",".",".",".","750","580","380","1030","1850","0","110","215","260","60","660","540","2650","535","2115","2200","450","0.3","5631","245","395","0.2","0.4","0.2",".",".","54","47","7","1051","2","1","9057"
"Centrale Markt","Amsterdam","Buurt","BU03630215","1","2535","1240","1295","365","360","675","900","240","1630","610","240","65","435","680","235","25","130","55","240","25","11","10","5","1285","635","235","425","2.0","4856","1197","255","0","100",".",".",".",".",".",".",".","87","13",".",".",".",".",".",".",".",".",".",".",".",".",".",".",".",".",".",".",".",".",".",".",".",".",".",".",".","110","120","80","240","460","0","25","135","65","30","135","70","645","235","405","445","200","0.5","1234","370","60","0.7","0.6","0.3",".",".","58","52","6","1051","1","1","8599"
"Frederik Hendrikbuurt","Amsterdam","Buurt","BU03630216","1","8370","4120","4245","900","790","3780","2065","840","5965","1510","705","200","1680","1730","500","90","270","155","720","130","15","90","11","5180","3225","1110","855","1.6","23625","5043","228","0","100",".",".",".",".",".",".",".","95","5",".",".",".",".",".",".",".",".",".",".",".",".",".",".",".",".",".",".",".",".",".",".",".",".",".",".",".","470","370","240","830","1160","0","75","140","135","60","430","320","1760","380","1375","1475","285","0.3","4964","135","230","0.3","0.3","0.2",".",".","40","35","5","1052","1","1","11571"
"Da Costabuurt","Amsterdam","Buurt","BU03630217","1","4655","2330","2325","515","480","2065","1105","505","3330","870","370","100","1075","665","140","55","125","50","305","50","10","20","4","2950","1840","630","490","1.6","21485","2635","267","0","100",".",".",".",".",".",".",".","100","0",".",".",".",".",".",".",".",".",".",".",".",".",".",".",".",".",".",".",".",".",".",".",".",".",".",".",".","150","170","120","490","815","0","30","180","75","65","230","230","1030","205","825","850","180","0.3","4754","85","135","0.2","0.1","0.2",".",".","26","22","4","1053","3","1","11748"
"Kinkerbuurt","Amsterdam","Buurt","BU03630218","1","6195","3295","2895","610","735","2940","1480","440","4650","930","535","90","1140","1595","440","85","355","200","520","80","13","35","5","4240","2955","730","565","1.5","24564","3407","214","2","98",".",".",".",".",".",".",".","98","2",".",".",".",".",".",".",".",".",".",".",".",".",".",".",".",".",".",".",".",".",".",".",".",".",".",".",".","350","250","160","430","945","0","60","205","90","45","295","250","1090","220","870","890","200","0.3","4330","115","155","0.3","0.2","0.2",".",".","27","25","2","1053","1","1","11851"
"Van Lennepbuurt","Amsterdam","Buurt","BU03630219","1","7130","3510","3620","730","770","2970","1840","820","4990","1300","660","190","1340","2095","645","60","430","240","730","90","13","50","7","4620","3075","830","720","1.5","28599","4452","211","0","100",".",".",".",".",".",".",".","99","1",".",".",".",".",".",".",".",".",".",".",".",".",".",".",".",".",".",".",".",".",".",".",".",".",".",".",".","490","390","200","800","910","0","60","195","110","45","275","225","1300","260","1040","1055","245","0.3","5218","130","145","0.2","0.2","0.3",".",".","28","25","3","1053","1","1","10731"
"Helmersbuurt","Amsterdam","Buurt","BU03630220","1","7520","3585","3930","1035","835","3115","1850","695","5400","1500","515","105","1750","905","110","70","185","70","470","100","13","30","4","4565","2815","925","835","1.6","22565","4204","310","1","99",".",".",".",".",".",".",".","98","2",".",".",".",".",".",".",".",".",".",".",".",".",".",".",".",".",".",".",".",".",".",".",".",".",".",".",".","190","240","180","680","1450","0","70","215","175","120","505","370","1750","395","1355","1395","355","0.4","5257","155","190","0.2","0.2","0.2",".",".","35","33","2","1054","1","1","10082"
"Overtoomse Sluis","Amsterdam","Buurt","BU03630221","1","7740","3755","3985","930","760","3780","1690","590","5715","1405","500","125","1770","945","120","70","170","85","500","130","16","20","2","4745","2890","1050","815","1.6","25488","4387","268","1","99",".",".",".",".",".",".",".","100","0",".",".",".",".",".",".",".",".",".",".",".",".",".",".",".",".",".",".",".",".",".",".",".",".",".",".",".","180","340","210","580","1285","0","60","185","160","85","485","305","1670","350","1320","1365","310","0.4","5503","115","195","0.5","0.3","0.2",".",".","32","30","1","1054","1","1","9144"
"Vondelbuurt","Amsterdam","Buurt","BU03630222","1","1895","955","940","270","205","600","505","320","1205","475","160","65","545","265","40","15","55","5","150","20","10","25","14","1095","680","210","215","1.7","8538","903","591","11","89",".",".",".",".",".",".",".","100","0",".",".",".",".",".",".",".",".",".",".",".",".",".",".",".",".",".",".",".",".",".",".",".",".",".",".",".","40","40","20","320","530","0","10","105","45","80","195","90","545","145","395","425","115","0.5","2446","45","55","0.4","0.3","0.2",".",".","23","22","0","1054","1","1","9466"
"Sloterdijk","Amsterdam","Buurt","BU03630236","1","395","220","175","25","40","275","40","25","305","75","20","5","85","40","5","0","10","0","25","5","17","0","5","240","115","105","25","1.7","806","220","286","16","84",".",".",".",".",".",".",".","18","82",".",".",".",".",".",".",".",".",".",".",".",".",".",".",".",".",".",".",".",".",".",".",".",".",".",".",".","0","0","10","20","70","0","5","10","10","10","30","5","125","40","85","105","20","0.5","250","20","15","0.9","0.4","0.4",".",".","51","50","2","1014","1","1","3617"
"Landlust","Amsterdam","Buurt","BU03630237","1","18735","9330","9400","3030","2475","8075","3735","1420","12470","4410","1480","380","2610","8540","3540","180","975","2045","1805","285","15","60","3","10220","5630","2105","2495","1.8","18420","9272","165","1","99",".",".",".",".",".",".",".","97","3",".",".",".",".",".",".",".",".",".",".",".",".",".",".",".",".",".",".",".",".",".",".",".",".",".",".",".","1390","920","520","1380","1995","0","155","295","320","60","670","490","3945","725","3220","3025","920","0.4","3879","400","310","0.4","0.4","0.3",".",".","107","102","6","1055","2","1","6860"
"Erasmuspark","Amsterdam","Buurt","BU03630238","1","5895","2855","3040","830","735","2930","990","420","4205","1230","365","110","1010","1760","610","50","170","510","415","105","18","15","2","3385","1875","840","685","1.7","16276","3050","171","0","100",".",".",".",".",".",".",".","92","8",".",".",".",".",".",".",".",".",".",".",".",".",".",".",".",".",".",".",".",".",".",".",".",".",".",".",".","230","190","160","410","630","0","55","90","80","20","190","195","1270","260","1010","1040","235","0.4","3511","85","140","0.2","0.4","0.5",".",".","41","36","5","1055","3","1","7750"
"De Kolenkit","Amsterdam","Buurt","BU03630239","1","9215","4480","4730","1770","1770","3365","1580","740","5840","2470","670","245","910","5895","2650","105","590","1700","860","140","15","80","8","4425","2300","795","1340","2.0","12656","4248","166","3","97",".",".",".",".",".",".",".","65","35",".",".",".",".",".",".",".",".",".",".",".",".",".",".",".",".",".",".",".",".",".",".",".",".",".",".",".","740","500","210","730","470","0","35","70","100","20","130","110","1800","340","1465","1325","480","0.4","2474","205","100","0.4","0.5","0.5",".",".","75","73","2","1061","3","1","5780"
"De Krommert","Amsterdam","Buurt","BU03630240","1","12980","6230","6750","1865","1665","5865","2560","1035","9240","2610","895","250","2225","3590","1170","120","540","725","1035","215","16","55","4","7470","4240","1605","1635","1.7","24496","6585","210","1","99",".",".",".",".",".",".",".","95","5",".",".",".",".",".",".",".",".",".",".",".",".",".",".",".",".",".",".",".",".",".",".",".",".",".",".",".","660","440","350","1010","1660","0","100","200","205","65","610","485","2720","530","2190","2230","485","0.4","5129","200","315","0.4","0.3","0.2",".",".","57","53","4","1056","5","1","11245"
"Van Galenbuurt","Amsterdam","Buurt","BU03630241","1","6720","3565","3150","830","815","3115","1490","475","4725","1190","705","110","935","3020","940","130","605","565","780","95","14","30","4","4435","3030","720","690","1.5","21974","3212","175","0","100",".",".",".",".",".",".",".","100","0",".",".",".",".",".",".",".",".",".",".",".",".",".",".",".",".",".",".",".",".",".",".",".",".",".",".",".","640","290","160","460","530","0","55","85","70","10","175","135","1210","225","980","970","235","0.3","3952","110","110","0.3","0.4","0.3",".",".","31","31","1","1056","1","1","9033"
"Hoofdweg en omgeving","Amsterdam","Buurt","BU03630242","1","10435","5180","5255","1535","1145","4730","2115","920","7155","2070","940","275","1610","3995","1320","115","585","915","1060","170","16","75","7","6105","3585","1270","1255","1.7","26636","5696","171","0","100",".",".",".",".",".",".",".","98","2",".",".",".",".",".",".",".",".",".",".",".",".",".",".",".",".",".",".",".",".",".",".",".",".",".",".",".","720","480","330","900","1155","0","115","200","145","35","360","305","2120","405","1715","1705","415","0.3","5413","215","165","0.2","0.3","0.2",".",".","41","39","2","1057","1","1","10023"
"Westindische buurt","Amsterdam","Buurt","BU03630243","1","6785","3250","3535","860","830","3255","1290","565","4940","1260","480","110","1340","1325","300","65","225","230","510","125","18","35","5","4090","2360","965","770","1.7","21839","3609","219","1","99",".",".",".",".",".",".",".","100","0",".",".",".",".",".",".",".",".",".",".",".",".",".",".",".",".",".",".",".",".",".",".",".",".",".",".",".","230","230","160","550","795","0","60","90","115","35","300","195","1515","310","1205","1250","265","0.4","4877","120","175","0.3","0.4","0.2",".",".","34","31","3","1058","1","1","9029"
"Stadsdeel Nieuw-West","Amsterdam","Wijk","WK036303","1","146575","72795","73780","26995","21660","44850","34505","18575","81160","47300","12470","5660","18705","74900","30585","1400","9870","18715","14330","2090","14","1075","7","69045","32025","14080","22945","2.1","5046","63823","180","25","75",".",".",".",".",".",".",".","81","19",".",".",".",".",".",".",".",".",".",".",".",".",".",".",".",".",".",".",".",".",".",".",".",".",".",".",".","8250","7460","3470","18190","9855","25","1310","1985","1730","650","2670","1480","43145","11390","31755","34330","8815","0.6","1485","3670","2720","0.6","0.6","0.4",".",".","3253","2905","348",".",".","1","3591"
"Spieringhorn","Amsterdam","Buurt","BU03630375","1","0","0","0","0","0","0","0","0","5","0","0","0","0","0","0","0","0","0","0","0","0","0","0","0","5","0","0","1.0",".","1",".",".",".",".",".",".",".",".",".",".",".",".",".",".",".",".",".",".",".",".",".",".",".",".",".",".",".",".",".",".",".",".",".",".",".",".",".",".",".",".",".",".",".","5",".",".",".",".",".",".",".","0","0","0","0","0",".",".","0","0",".",".",".",".",".","233","209","24","1043","2","2","1804"
"Slotermeer-Noordoost","Amsterdam","Buurt","BU03630376","1","9455","4825","4625","1935","1280","3285","2060","900","5400","2935","855","275","1085","6070","2555","90","570","1725","1135","150","15","35","3","4580","2280","785","1520","2.1","9911","4207","135","20","80",".",".",".",".",".",".",".","100","0",".",".",".",".",".",".",".",".",".",".",".",".",".",".",".",".",".",".",".",".",".",".",".",".",".",".",".","860","520","210","880","640","0","100","155","125","15","135","105","2370","400","1970","1770","600","0.5","2482","245","105","0.4","0.6","0.4",".",".","100","95","5","1063","1","1","3551"
"Slotermeer-Zuidwest","Amsterdam","Buurt","BU03630377","1","17000","8660","8335","3255","2450","5380","3920","2000","9635","5110","1705","555","1785","10485","4785","165","1020","2815","1705","235","14","100","5","8240","4190","1465","2595","2.1","7534","7569","142","16","84",".",".",".",".",".",".",".","94","6",".",".",".",".",".",".",".",".",".",".",".",".",".",".",".",".",".",".",".",".",".",".",".",".",".",".",".","1460","1040","420","1960","895","0","170","155","195","20","200","155","4375","840","3530","3395","980","0.5","1938","410","240","0.6","0.5","0.4",".",".","282","226","57","1064","2","1","3609"
"Geuzenveld","Amsterdam","Buurt","BU03630378","1","15030","7515","7515","3310","2160","4920","3045","1610","8295","4975","1240","535","1585","9630","3815","155","860","3460","1345","260","17","125","8","6460","2725","1250","2495","2.3","11326","6020","158","27","73",".",".",".",".",".",".",".","66","34",".",".",".",".",".",".",".",".",".",".",".",".",".",".",".",".",".",".",".",".",".",".",".",".",".",".",".","990","860","360","1580","755","0","160","115","160","25","160","130","4025","855","3170","3095","930","0.6","3033","355","210","0.5","0.3","0.4",".",".","142","133","10","1067","1","1","2927"
"Eendracht","Amsterdam","Buurt","BU03630379","1","2325","1140","1185","340","335","545","775","340","1060","1025","170","85","320","915","235","25","195","285","185","40","17","10","5","995","305","300","400","2.3","1001","933","228","75","25",".",".",".",".",".",".",".","100","0",".",".",".",".",".",".",".",".",".",".",".",".",".",".",".",".",".",".",".",".",".",".",".",".",".",".",".","50","140","70","330","150","0","35","20","15","10","35","30","940","295","645","785","155","0.9","404","65","65","0.9","0.7","0.3",".",".","241","233","9","1067","1","2","1667"
"Lutkemeer en Ookmeer","Amsterdam","Buurt","BU03630380","1","845","420","425","140","105","195","290","125","420","325","60","45","100","100","25","5","30","20","25","10","11","5","7","360","105","110","150","2.3","154","306","319","91","9",".",".",".",".",".",".",".","77","23",".",".",".",".",".",".",".",".",".",".",".",".",".",".",".",".",".",".",".",".",".",".",".",".",".",".",".","30","50","10","120","240","15","40","70","15","25","45","25","480","165","315","390","90","1.3","87","275","60","1.3","1.5","1.2",".",".","575","549","27","1067","1","3","1086"
"Osdorp-Oost","Amsterdam","Buurt","BU03630381","1","15740","7610","8130","2420","2030","4500","3520","3280","8020","5120","1565","1045","2055","7365","3110","145","1075","1535","1500","205","13","180","11","8400","4495","1795","2120","1.9","10403","8292","158","13","87",".",".",".",".",".",".",".","83","17",".",".",".",".",".",".",".",".",".",".",".",".",".",".",".",".",".",".",".",".",".",".",".",".",".",".",".","930","810","380","3210","1030","5","130","250","170","60","255","160","4885","1285","3600","4020","865","0.6","3227","330","300","0.4","0.5","0.5",".",".","177","151","26","1068","1","1","3733"
"Osdorp-Midden","Amsterdam","Buurt","BU03630382","1","15735","7620","8115","3460","2230","5370","2950","1735","8775","4975","1355","640","1770","9980","4390","205","1230","2530","1630","280","17","135","8","7060","3090","1360","2620","2.2","14719","6596","181","5","95",".",".",".",".",".",".",".","45","55",".",".",".",".",".",".",".",".",".",".",".",".",".",".",".",".",".",".",".",".",".",".",".",".",".",".",".","990","790","350","1680","815","0","130","150","190","45","200","100","4385","1075","3315","3355","1030","0.6","4102","330","240","0.5","0.4","0.3",".",".","112","107","5","1069","1","1","4226"
"De Punt","Amsterdam","Buurt","BU03630383","1","5485","2770","2715","990","745","1740","1195","825","2965","1735","555","245","705","2780","930","70","445","685","655","85","15","40","7","2625","1330","490","815","2.0","9202","2478","147","26","74",".",".",".",".",".",".",".","92","8",".",".",".",".",".",".",".",".",".",".",".",".",".",".",".",".",".",".",".",".",".",".",".",".",".",".",".","300","340","130","800","350","0","55","80","65","25","85","45","1700","420","1280","1350","345","0.6","2847","150","85","0.9","0.4","0.5",".",".","60","60","0","1069","1","1","3773"
"Middelveldsche Akerpolder en Sloten","Amsterdam","Buurt","BU03630384","1","15090","7435","7655","2815","2230","3535","4905","1610","7640","5935","1090","435","1785","5880","1730","125","1465","1310","1250","165","11","55","3","6130","1895","1400","2840","2.5","7394","5654","262","67","33",".",".",".",".",".",".",".","84","16",".",".",".",".",".",".",".",".",".",".",".",".",".",".",".",".",".",".",".",".",".",".",".",".",".",".",".","320","680","370","1600","1110","0","145","205","160","115","370","115","5835","2020","3820","4750","1085","1.0","2859","425","475","1.0","0.8","0.5",".",".","221","204","16","1060","4","1","3088"
"Slotervaart","Amsterdam","Buurt","BU03630385","1","17585","8615","8970","3200","2675","5210","3790","2720","9855","5320","1560","865","2405","8505","3760","135","1145","1800","1670","235","13","215","12","8565","4220","1770","2580","2.0","7495","8096","176","22","78",".",".",".",".",".",".",".","91","9",".",".",".",".",".",".",".",".",".",".",".",".",".",".",".",".",".",".",".",".",".",".",".",".",".",".",".","960","810","430","2650","1075","0","120","185","175","60","325","210","4605","1130","3475","3705","905","0.5","1963","315","280","0.5","0.7","0.6",".",".","284","235","49","1065","4","1","3391"
"Overtoomse Veld","Amsterdam","Buurt","BU03630386","1","11670","5815","5855","2010","2610","3990","2050","1015","7540","3100","715","330","1610","6835","3505","80","540","1455","1260","165","14","55","4","5835","3275","1005","1560","2.0","8066","4498","164","2","98",".",".",".",".",".",".",".","70","30",".",".",".",".",".",".",".",".",".",".",".",".",".",".",".",".",".",".",".",".",".",".",".",".",".",".",".","810","500","260","1000","750","0","65","120","130","45","245","140","2540","520","2020","1915","625","0.4","1754","210","180","0.4","0.5","0.4",".",".","154","145","9","1061","6","1","4789"
"Westlandgracht","Amsterdam","Buurt","BU03630387","1","7440","3930","3510","1220","895","3225","1435","675","4860","1825","595","165","1455","2860","1000","95","360","495","920","140","18","45","6","4035","2220","885","935","1.8","5279","3813","190","1","99",".",".",".",".",".",".",".","64","36",".",".",".",".",".",".",".",".",".",".",".",".",".",".",".",".",".",".",".",".",".",".",".",".",".",".",".","360","290","200","670","1025","0","55","335","155","105","285","90","2020","635","1385","1585","435","0.5","1433","140","120","0.5","0.5","0.3",".",".","150","141","9","1062","4","1","4893"
"Sloten- en Riekerpolder","Amsterdam","Buurt","BU03630388","1","13140","6425","6715","1910","1930","2975","4575","1750","6715","4940","1025","470","2055","3505","755","120","955","615","1065","110","8","65","4","5735","1915","1495","2335","2.3","3139","5360","250","66","34",".",".",".",".",".",".",".","98","2",".",".",".",".",".",".",".",".",".",".",".",".",".",".",".",".",".",".",".",".",".",".",".",".",".",".",".","190","630","290","1710","1020","0","100","145","170","110","325","175","4990","1760","3230","4225","770","0.9","1192","425","355","0.5","0.8","0.5",".",".","522","419","104","1066","1","1","2637"
"Stadsdeel Zuid","Amsterdam","Wijk","WK036304","1","141390","67195","74190","18415","15725","54095","32380","20780","91100","33480","11905","4910","31250","24015","4180","1270","4800","2115","11655","1995","14","1090","7","84065","49510","18185","16375","1.7","9072","77969","308","4","96",".",".",".",".",".",".",".","96","4",".",".",".",".",".",".",".",".",".",".",".",".",".",".",".",".",".",".",".",".",".",".",".",".",".",".",".","4500","4850","3180","20340","22895","10","1080","3730","2210","3170","8605","4085","42705","14550","28155","34810","7900","0.5","2740","2745","3020","0.4","0.3","0.3",".",".","1741","1559","183",".",".","1","6984"
"Oude Pijp","Amsterdam","Buurt","BU03630424","1","14975","7540","7430","1450","2165","7070","3180","1115","11460","2330","995","195","3285","2550","395","125","495","225","1315","180","11","50","3","10015","6685","2060","1275","1.5","23699","9185","253","1","99",".",".",".",".",".",".",".","99","1",".",".",".",".",".",".",".",".",".",".",".",".",".",".",".",".",".",".",".",".",".",".",".",".",".",".",".","610","500","350","1100","2865","0","145","715","320","210","840","630","2805","585","2215","2270","530","0.3","4436","315","395","0.4","0.2","0.2",".",".","68","63","4","1072","5","1","10263"
"Nieuwe Pijp","Amsterdam","Buurt","BU03630425","1","12240","5875","6360","1210","1430","5740","2635","1230","8975","2080","900","290","2465","2535","575","110","575","275","1005","185","15","70","5","7920","5140","1605","1185","1.5","23870","7326","238","0","100",".",".",".",".",".",".",".","96","4",".",".",".",".",".",".",".",".",".",".",".",".",".",".",".",".",".",".",".",".",".",".",".",".",".",".",".","560","500","340","1200","1880","0","100","320","235","125","670","430","2740","815","1925","2190","550","0.3","5347","440","285","0.3","0.2","0.2",".",".","55","51","3","1072","6","1","10522"
"Diamantbuurt","Amsterdam","Buurt","BU03630426","1","8230","3920","4310","985","1050","2770","2335","1100","5395","1670","950","225","1425","2810","890","100","610","320","895","110","13","45","5","4870","2850","935","1090","1.7","23373","4567","228","2","98",".",".",".",".",".",".",".","99","1",".",".",".",".",".",".",".",".",".",".",".",".",".",".",".",".",".",".",".",".",".",".",".",".",".",".",".","680","570","250","1070","805","0","55","115","120","20","275","220","1565","310","1255","1285","280","0.3","4449","110","170","0.4","0.3","0.2",".",".","39","35","4","1073","4","1","10384"
"Hoofddorppleinbuurt","Amsterdam","Buurt","BU03630444","1","11535","5335","6195","1470","1230","5330","2455","1055","8200","2270","850","225","2215","1500","230","115","320","130","715","230","19","60","5","7020","4065","1645","1315","1.6","13488","6423","231","2","98",".",".",".",".",".",".",".","99","1",".",".",".",".",".",".",".",".",".",".",".",".",".",".",".",".",".",".",".",".",".",".",".",".",".",".",".","300","390","270","1030","1845","0","110","285","220","150","725","360","3300","940","2360","2725","575","0.5","3858","285","300","0.4","0.3","0.2",".",".","97","86","11","1058","5","1","6115"
"Schinkelbuurt","Amsterdam","Buurt","BU03630445","1","3800","1805","1990","400","420","1745","910","325","2815","580","335","75","790","625","100","30","180","60","255","45","12","20","5","2475","1595","495","395","1.5","13084","2268","247","1","99",".",".",".",".",".",".",".","95","5",".",".",".",".",".",".",".",".",".",".",".",".",".",".",".",".",".",".",".",".",".",".",".",".",".",".",".","180","170","110","320","605","0","35","115","80","40","195","140","965","240","725","805","160","0.4","3325","110","95","0.4","0.2","0.1",".",".","35","29","6","1075","1","1","7343"
"Willemspark","Amsterdam","Buurt","BU03630446","1","5690","2800","2890","1170","545","1870","1480","640","3410","1805","375","115","1685","580","55","30","95","50","355","80","14","35","5","2790","1310","645","840","2.0","8950","2596","609","6","94",".",".",".",".",".",".",".","100","0",".",".",".",".",".",".",".",".",".",".",".",".",".",".",".",".",".",".",".",".",".",".",".",".",".",".",".","50","80","100","620","1545","0","45","165","95","385","675","180","2020","675","1350","1635","385","0.7","3177","90","105","0.3","0.2","0.3",".",".","69","64","6","1075","1","1","7473"
"Museumkwartier","Amsterdam","Buurt","BU03630447","1","11515","5590","5920","1890","1070","3385","3035","2140","6435","3910","815","365","3185","985","35","85","155","55","660","130","11","70","6","6160","3225","1490","1450","1.9","9104","5909","607","7","93",".",".",".",".",".",".",".","99","1",".",".",".",".",".",".",".",".",".",".",".",".",".",".",".",".",".",".",".",".",".",".",".",".",".",".",".","90","180","170","2110","2915","5","85","490","205","570","1120","435","4070","1335","2735","3325","745","0.7","3218","270","225","0.3","0.5","0.2",".",".","132","126","6","1071","1","1","7530"
"Stadionbuurt","Amsterdam","Buurt","BU03630448","1","11570","5460","6105","1515","1175","4455","2775","1655","7460","2500","1260","355","2140","2530","590","145","555","245","995","170","14","80","7","6845","3915","1425","1510","1.7","11891","6432","265","1","99",".",".",".",".",".",".",".","85","15",".",".",".",".",".",".",".",".",".",".",".",".",".",".",".",".",".",".",".",".",".",".",".",".",".",".",".","500","590","290","1620","1260","0","75","160","140","125","500","260","3150","800","2350","2630","520","0.5","3237","165","240","0.6","0.4","0.3",".",".","108","97","10","1076","1","1","5157"
"Apollobuurt","Amsterdam","Buurt","BU03630449","1","8645","4110","4530","1735","885","2380","2140","1510","4580","3180","570","320","2430","775","20","60","95","50","560","120","13","60","7","4255","1995","985","1280","2.0","9783","3863","665","16","84",".",".",".",".",".",".",".","100","0",".",".",".",".",".",".",".",".",".",".",".",".",".",".",".",".",".",".",".",".",".",".",".",".",".",".",".","20","100","110","1480","1620","0","45","200","95","405","685","185","3355","1110","2250","2815","540","0.8","3799","90","105","0.3","0.4","0.3",".",".","95","88","6","1077","1","1","5426"
"Duivelseiland","Amsterdam","Buurt","BU03630450","1","1360","645","715","160","110","720","265","110","1025","240","80","20","350","135","5","15","25","10","90","25","17","5","3","860","525","205","135","1.6","23548","854","292","0","100",".",".",".",".",".",".",".","100","0",".",".",".",".",".",".",".",".",".",".",".",".",".",".",".",".",".",".",".",".",".",".",".",".",".",".",".","30","50","30","110","275","0","15","40","20","45","105","55","365","95","270","295","70","0.4","6298","25","25","0.1","0.4","0.3",".",".","6","6","0","1071","1","1","8766"
"Scheldebuurt","Amsterdam","Buurt","BU03630452","1","14710","6770","7940","2145","1705","5780","3015","2070","9715","3300","1175","530","2855","1520","230","100","315","115","765","275","18","90","6","8345","4625","1890","1835","1.7","10924","7399","302","2","98",".",".",".",".",".",".",".","97","3",".",".",".",".",".",".",".",".",".",".",".",".",".",".",".",".",".",".",".",".",".",".",".",".",".",".",".","270","380","350","2040","1835","0","65","310","185","165","740","370","3885","1005","2875","3290","595","0.5","2883","260","340","0.3","0.3","0.2",".",".","138","135","3","1078","4","1","7131"
"IJselbuurt","Amsterdam","Buurt","BU03630453","1","5205","2465","2740","605","650","2125","1210","625","3575","980","530","130","1045","1015","275","65","235","130","315","75","14","30","5","3205","1920","680","615","1.6","20265","2969","233","0","100",".",".",".",".",".",".",".","94","6",".",".",".",".",".",".",".",".",".",".",".",".",".",".",".",".",".",".",".",".",".",".",".",".",".",".",".","290","240","150","610","605","0","40","90","65","30","225","155","1200","255","940","1020","175","0.4","4662","90","115","0.3","0.3","0.3",".",".","29","26","3","1078","1","1","9236"
"Rijnbuurt","Amsterdam","Buurt","BU03630454","1","9055","4145","4910","1015","1115","3675","2050","1215","6255","1620","935","260","1580","1710","380","105","380","125","725","120","13","50","5","5795","3640","1165","1000","1.6","9446","5228","229","1","99",".",".",".",".",".",".",".","98","2",".",".",".",".",".",".",".",".",".",".",".",".",".",".",".",".",".",".",".",".",".",".",".",".",".",".",".","470","430","250","1190","1025","0","65","140","115","80","375","245","2255","565","1690","1925","335","0.4","2354","150","225","0.3","0.3","0.2",".",".","111","96","16","1079","1","1","5578"
"Station-Zuid WTC en omgeving","Amsterdam","Buurt","BU03630459","1","1400","655","745","255","110","405","325","315","760","495","85","75","390","215","5","10","15","5","190","20","13","5","5","790","465","160","175","1.8","1197","696","503","33","67",".",".",".",".",".",".",".","100","0",".",".",".",".",".",".",".",".",".",".",".",".",".",".",".",".",".",".",".",".",".",".",".",".",".",".",".","0","20","20","310","835","0","30","100","60","250","355","45","780","385","400","605","175","1.0","666","40","10","0.4","0.6","0.3",".",".","125","117","8","1077","2","1","3716"
"Buitenveldert-West","Amsterdam","Buurt","BU03630490","1","13650","6460","7190","1605","1400","4325","2985","3340","7165","4240","1270","985","3460","2885","250","135","505","180","1815","155","11","175","12","8160","4840","1805","1525","1.7","3841","7933","252","13","87",".",".",".",".",".",".",".","88","12",".",".",".",".",".",".",".",".",".",".",".",".",".",".",".",".",".",".",".",".",".",".",".",".",".",".",".","250","390","260","3260","2015","5","125","355","160","380","745","250","7485","4400","3085","5585","1900","0.9","2106","240","255","0.4","0.5","0.4",".",".","437","355","81","1082","4","1","3479"
"Buitenveldert-Oost","Amsterdam","Buurt","BU03630491","1","7785","3590","4190","820","690","2340","1595","2350","3905","2310","810","775","1965","1655","150","65","275","160","1005","70","8","225","29","4540","2745","1025","780","1.6","4236","4321","203","8","92",".",".",".",".",".",".",".","96","4",".",".",".",".",".",".",".",".",".",".",".",".",".",".",".",".",".",".",".",".",".",".",".",".",".",".",".","190","270","130","2290","960","0","45","130","90","195","375","125","2760","1035","1725","2405","355","0.6","1502","70","130","0.7","0.3","0.5",".",".","198","184","14","1083","2","1","2997"
"Stadsdeel Oost","Amsterdam","Wijk","WK036305","1","128595","63525","65070","22470","17495","45670","31530","11430","85080","30370","10315","2840","20185","41145","12635","1520","9260","5780","11950","1690","13","605","4","68085","36215","13660","18215","1.9","7236","63941","235","8","92",".",".",".",".",".",".",".","73","27",".",".",".",".",".",".",".",".",".",".",".",".",".",".",".",".",".",".",".",".",".",".",".",".",".",".",".","6230","5600","3100","11200","15510","5","895","2075","2240","1110","5800","3390","31185","8410","22775","24055","7125","0.5","1755","2665","2900","0.4","0.5","0.3",".",".","2252","1777","475",".",".","1","5513"
"Weesperzijde","Amsterdam","Buurt","BU03630527","1","4980","2530","2450","640","530","2245","1155","410","3600","1010","315","70","975","865","210","50","180","60","370","75","15","20","3","2995","1800","660","545","1.7","13422","2709","275","1","99",".",".",".",".",".",".",".","93","7",".",".",".",".",".",".",".",".",".",".",".",".",".",".",".",".",".",".",".",".",".",".",".",".",".",".",".","170","150","140","400","885","0","35","95","115","55","360","220","1160","255","900","945","210","0.4","3120","80","110","0.4","0.4","0.2",".",".","45","37","7","1091","1","1","9241"
"Oosterparkbuurt","Amsterdam","Buurt","BU03630528","1","10790","5400","5385","1360","1465","4165","2785","1020","7485","2115","965","235","1735","3800","1100","110","910","555","1130","125","11","50","4","6365","3845","1245","1285","1.7","15027","6113","210","1","99",".",".",".",".",".",".",".","95","5",".",".",".",".",".",".",".",".",".",".",".",".",".",".",".",".",".",".",".",".",".",".",".",".",".",".",".","740","530","290","990","1320","0","80","200","200","45","425","370","1980","355","1620","1590","390","0.3","2755","185","210","0.2","0.3","0.2",".",".","75","72","3","1091","4","1","8066"
"Dapperbuurt","Amsterdam","Buurt","BU03630529","1","8935","4425","4510","1085","1130","3300","2390","1030","5890","1905","890","260","1295","3535","1115","115","800","675","830","105","11","55","6","5230","3145","1035","1055","1.7","15120","4882","205","1","99",".",".",".",".",".",".",".","91","9",".",".",".",".",".",".",".",".",".",".",".",".",".",".",".",".",".",".",".",".",".",".",".",".",".",".",".","670","570","230","1010","1050","0","40","275","140","35","300","260","1670","335","1335","1330","340","0.3","2826","155","165","0.3","0.3","0.2",".",".","61","59","2","1093","1","1","8360"
"Transvaalbuurt","Amsterdam","Buurt","BU03630530","1","9105","4495","4610","1335","1405","3355","2200","825","6085","1935","885","215","1255","4160","1605","100","870","675","915","110","12","50","5","4985","2800","935","1250","1.8","24688","4522","198","2","98",".",".",".",".",".",".",".","99","1",".",".",".",".",".",".",".",".",".",".",".",".",".",".",".",".",".",".",".",".",".",".",".",".",".",".",".","770","490","260","800","790","0","50","105","120","25","245","250","1615","255","1360","1270","350","0.3","4380","135","130","0.4","0.3","0.3",".",".","38","37","1","1092","5","1","7503"
"Indische Buurt West","Amsterdam","Buurt","BU03630531","1","12655","6390","6265","1805","1710","5525","2650","970","8590","2810","1030","230","1925","6000","2380","140","1020","1025","1440","210","16","35","3","7115","4105","1450","1565","1.8","26786","6666","177","0","100",".",".",".",".",".",".",".","95","5",".",".",".",".",".",".",".",".",".",".",".",".",".",".",".",".",".",".",".",".",".",".",".",".",".",".",".","930","700","350","940","1245","0","85","195","190","30","385","360","2260","380","1885","1770","495","0.3","4788","220","190","0.3","0.3","0.3",".",".","49","47","1","1094","1","1","7953"
"Indische Buurt Oost","Amsterdam","Buurt","BU03630532","1","10150","5060","5085","1630","1295","3585","2505","1140","6240","2595","965","360","1160","5415","2090","125","940","1120","1140","115","11","100","10","5300","2890","1000","1420","1.9","10883","5103","182","1","99",".",".",".",".",".",".",".","93","7",".",".",".",".",".",".",".",".",".",".",".",".",".",".",".",".",".",".",".",".",".",".",".",".",".",".",".","850","540","230","1100","760","0","75","110","130","10","255","180","1940","350","1590","1475","465","0.4","2080","155","140","0.3","0.4","0.4",".",".","131","93","38","1095","1","1","6205"
"Oostelijk Havengebied","Amsterdam","Buurt","BU03630533","1","18355","9235","9120","3365","1680","5925","6130","1265","11760","4835","1505","260","3240","3860","795","165","1070","440","1395","250","13","55","2","9035","3855","2260","2925","2.0","12141","8603","315","9","91",".",".",".",".",".",".",".","67","33",".",".",".",".",".",".",".",".",".",".",".",".",".",".",".",".",".",".",".",".",".",".",".",".",".",".",".","530","650","490","1250","3260","0","180","325","455","265","1370","665","5410","1645","3765","4205","1205","0.6","3577","520","585","0.5","0.8","0.5",".",".","366","151","215","1019","1","1","4202"
"Zeeburgereiland/Nieuwe Diep","Amsterdam","Buurt","BU03630534","1","975","495","475","75","510","285","90","25","880","75","25","5","225","195","10","35","40","0","115","5","6","0","1","765","645","70","55","1.3","403","569","121","7","93",".",".",".",".",".",".",".","2","98",".",".",".",".",".",".",".",".",".",".",".",".",".",".",".",".",".",".",".",".",".",".",".",".",".",".",".","10","10","10","30","115","0","15","25","15","5","25","40","150","30","120","105","45","0.2","62","60","25","2.1","2.0","1.2",".",".","338","242","95","1095","1","4","537"
"IJburg West","Amsterdam","Buurt","BU03630535","1","14235","7045","7190","4480","1325","4780","3130","520","9320","3895","905","125","1950","4940","1305","215","1470","440","1515","170","12","15","1","5460","1700","925","2845","2.6","12355","5373","319","30","70",".",".",".",".",".",".",".","0","100",".",".",".",".",".",".",".",".",".",".",".",".",".",".",".",".",".",".",".",".",".",".",".",".",".",".",".","390","480","310","510","1695","0","80","200","240","160","795","225","3900","1115","2785","2925","975","0.7","3383","175","370","0.5","0.6","0.3",".",".","131","115","15","1087","3","2","1511"
"IJburg Zuid","Amsterdam","Buurt","BU03630551","1","6750","3230","3520","2120","575","2720","1120","225","4555","1700","455","50","940","2675","760","85","670","320","840","110","16","5","1","2660","890","445","1330","2.5","7815","2606","293","19","81",".",".",".",".",".",".",".","0","100",".",".",".",".",".",".",".",".",".",".",".",".",".",".",".",".",".",".",".",".",".",".",".",".",".",".",".","250","260","180","230","635","0","25","80","105","60","260","110","1795","535","1260","1340","455","0.7","2076","60","130","0.5","0.5","0.2",".",".","113","86","26","1087","1","3","1321"
"Frankendael","Amsterdam","Buurt","BU03630555","1","10415","5075","5340","1335","1700","3460","2430","1500","6810","2330","870","410","1695","2480","710","150","555","230","845","125","12","110","10","6155","3720","1230","1215","1.7","6418","5798","206","15","85",".",".",".",".",".",".",".","89","11",".",".",".",".",".",".",".",".",".",".",".",".",".",".",".",".",".",".",".",".",".",".",".",".",".",".",".","500","490","210","1480","1080","0","70","135","165","170","350","190","2850","885","1965","2045","805","0.5","1755","275","390","0.4","0.6","0.4",".",".","171","162","8","1097","1","1","4907"
"Middenmeer","Amsterdam","Buurt","BU03630556","1","15200","7195","8000","2715","2860","4385","3660","1585","9875","3995","915","420","2945","1925","325","115","390","155","940","205","13","60","3","7905","3995","1700","2220","1.9","5405","7353","274","6","94",".",".",".",".",".",".",".","68","32",".",".",".",".",".",".",".",".",".",".",".",".",".",".",".",".",".",".",".",".",".",".",".",".",".",".",".","160","390","300","1550","1825","0","90","205","225","155","765","385","4100","1135","2965","3360","745","0.5","1458","240","295","0.5","0.5","0.3",".",".","303","281","21","1098","1","1","4787"
"Betondorp","Amsterdam","Buurt","BU03630557","1","3175","1505","1670","375","230","865","920","790","1660","850","475","205","380","775","190","30","235","50","275","30","9","25","8","1965","1170","420","385","1.6","2939","1950","172","31","69",".",".",".",".",".",".",".","100","0",".",".",".",".",".",".",".",".",".",".",".",".",".",".",".",".",".",".",".",".",".",".",".",".",".",".",".","250","210","80","770","240","0","30","35","30","10","65","65","1030","235","790","910","115","0.5","951","80","75","0.3","1.0","0.3",".",".","112","108","4","1097","1","1","2601"
"De Omval","Amsterdam","Buurt","BU03630558","1","2855","1420","1430","165","1095","1085","380","140","2355","345","140","25","485","530","55","100","115","45","220","35","11","5","2","2125","1680","315","140","1.3","1021","1694","156","2","98",".",".",".",".",".",".",".","23","77",".",".",".",".",".",".",".",".",".",".",".",".",".",".",".",".",".",".",".",".",".",".",".",".",".",".",".","30","140","30","140","620","0","45","95","115","85","205","70","1330","895","435","790","540","0.6","475","325","90","1.6","0.7","0.9",".",".","316","280","36","1096","1","1","2589"
"IJburg Oost","Amsterdam","Buurt","BU03630574","1","0","0","0","0","0","0","0","0","0","0","0","0","0","0","0","0","0","0","0","0","0","0","0","0","0","0","0",".",".","0",".",".",".",".",".",".",".",".",".",".",".",".",".",".",".",".",".",".",".",".",".",".",".",".",".",".",".",".",".",".",".",".",".",".",".",".",".",".",".",".",".",".",".",".",".",".",".",".",".",".",".","0","0","0","0","0",".",".","0","0",".",".",".",".",".","5","5","0",".",".",".","."
"Stadsdeel Noord","Amsterdam","Wijk","WK036306","1","91285","44450","46830","16630","11250","25355","23895","14160","49810","28015","9060","4405","9855","34600","9100","1215","7090","5975","11225","1220","13","800","8","43715","19575","9480","14670","2.1","2166","41557","176","34","66",".",".",".",".",".",".",".","90","10",".",".",".",".",".",".",".",".",".",".",".",".",".",".",".",".",".",".",".",".",".",".",".",".",".",".",".","5760","5210","2460","13870","7885","40","1095","1385","1195","425","2245","1500","28765","7850","20915","23480","5285","0.7","683","3265","2475","0.6","0.8","0.7",".",".","4898","4214","685",".",".","2","2389"
"Volewijck","Amsterdam","Buurt","BU03630660","1","9670","4790","4880","1615","1205","3165","2555","1135","5865","2345","1080","390","1050","3810","1165","140","730","515","1265","130","13","65","7","5115","2665","965","1495","1.9","8107","4836","131","24","76",".",".",".",".",".",".",".","100","0",".",".",".",".",".",".",".",".",".",".",".",".",".",".",".",".",".",".",".",".",".",".",".",".",".",".",".","960","650","290","1110","795","0","100","125","115","10","215","225","2445","460","1985","2040","410","0.5","2051","210","170","0.3","0.5","0.4",".",".","131","119","12","1031","5","1","2713"
"Ijplein/Vogelbuurt","Amsterdam","Buurt","BU03630661","1","8215","4180","4035","1350","1000","2850","2170","855","5100","1990","885","250","1030","3830","1235","150","755","405","1290","125","15","45","5","4390","2415","790","1190","1.9","6996","4071","157","8","92",".",".",".",".",".",".",".","97","3",".",".",".",".",".",".",".",".",".",".",".",".",".",".",".",".",".",".",".",".",".",".",".",".",".",".",".","790","600","240","840","705","0","70","105","100","25","195","210","1930","325","1605","1565","365","0.4","1644","185","180","0.4","0.4","0.4",".",".","147","117","29","1021","2","1","2667"
"Tuindorp Nieuwendam","Amsterdam","Buurt","BU03630662","1","3495","1625","1870","475","315","785","1060","865","1630","1165","455","255","385","420","85","20","120","30","170","35","10","40","11","1855","845","480","540","1.9","8156","1843","176","90","10",".",".",".",".",".",".",".","100","0",".",".",".",".",".",".",".",".",".",".",".",".",".",".",".",".",".",".",".",".",".",".",".",".",".",".",".","160","240","90","850","260","0","35","55","35","5","70","60","1290","305","980","1155","135","0.7","3006","110","145","0.4","0.9","0.3",".",".","47","43","4","1023","1","1","2813"
"Tuindorp Buiksloot","Amsterdam","Buurt","BU03630663","1","1850","885","960","260","215","430","605","350","895","625","220","120","180","320","65","15","95","30","115","20","10","30","17","935","385","250","310","2.0","11117","903","168","87","13",".",".",".",".",".",".",".","100","0",".",".",".",".",".",".",".",".",".",".",".",".",".",".",".",".",".",".",".",".",".",".",".",".",".",".",".","120","160","60","340","95","0","20","15","10","0","30","20","615","165","450","540","75","0.7","3696","40","85","0.8","1.0","1.0",".",".","17","17","0","1025","1","2","2474"
"Nieuwendammerdijk/Buiksloterdijk","Amsterdam","Buurt","BU03630664","1","1700","835","865","420","145","340","560","245","980","600","85","50","265","70","10","10","5","5","45","20","11","10","5","655","170","185","305","2.6","4503","635","385","85","15",".",".",".",".",".",".",".","95","5",".",".",".",".",".",".",".",".",".",".",".",".",".",".",".",".",".",".",".",".",".",".",".",".",".",".",".","10","30","30","240","305","0","20","25","35","35","125","60","635","140","495","495","140","1.0","1679","60","65","0.8","1.2","0.6",".",".","45","38","8","1025","4","2","2448"
"Tuindorp Oostzaan","Amsterdam","Buurt","BU03630665","1","10870","5250","5620","1850","1090","2890","3125","1920","5560","3540","1160","620","1055","2670","670","110","665","355","875","130","11","100","9","5190","2215","1200","1785","2.1","6583","5011","170","71","29",".",".",".",".",".",".",".","89","11",".",".",".",".",".",".",".",".",".",".",".",".",".",".",".",".",".",".",".",".",".",".",".",".",".",".",".","550","830","320","1890","610","0","135","95","105","20","135","120","3655","995","2660","3150","500","0.7","2212","280","355","0.6","0.9","0.7",".",".","173","165","8","1033","1","2","2007"
"Oostzanerwerf","Amsterdam","Buurt","BU03630666","1","8740","4245","4490","1555","1160","2140","2665","1230","4520","3025","785","420","910","2520","550","85","660","485","745","100","11","60","7","3925","1450","920","1565","2.2","3552","3689","191","42","58",".",".",".",".",".",".",".","97","3",".",".",".",".",".",".",".",".",".",".",".",".",".",".",".",".",".",".",".",".",".",".",".",".",".",".",".","340","470","240","1200","550","0","110","80","80","30","155","90","3170","945","2225","2660","510","0.8","1289","330","460","0.8","0.6","0.6",".",".","324","246","78","1035","3","2","1970"
"Kadoelen","Amsterdam","Buurt","BU03630667","1","2840","1360","1480","470","300","620","950","505","1345","1190","190","120","315","390","75","20","105","50","140","30","11","15","5","1245","350","400","500","2.3","2109","1161","266","84","16",".",".",".",".",".",".",".","97","3",".",".",".",".",".",".",".",".",".",".",".",".",".",".",".",".",".",".",".",".",".",".",".",".",".",".",".","50","150","70","490","285","0","55","35","45","25","85","45","1180","370","810","975","205","0.9","875","125","170","1.3","1.3","1.2",".",".","151","135","17","1035","1","2","1647"
"Nieuwendam-Noord","Amsterdam","Buurt","BU03630668","1","13050","6270","6780","2940","1735","3935","2800","1645","7305","3905","1330","520","1250","7705","2220","210","1410","1650","2215","220","16","80","6","5820","2455","1065","2315","2.2","6980","5357","159","13","87",".",".",".",".",".",".",".","87","13",".",".",".",".",".",".",".",".",".",".",".",".",".",".",".",".",".",".",".",".",".",".",".",".",".",".",".","970","610","360","1610","585","0","95","100","130","25","150","90","3585","845","2740","2835","750","0.6","1917","210","165","0.5","0.5","0.5",".",".","197","187","10","1024","1","1","2547"
"Buikslotermeer","Amsterdam","Buurt","BU03630669","1","13175","6310","6860","2325","1760","3535","2910","2650","7140","3845","1325","875","1610","5535","1110","225","1155","920","2130","155","11","185","14","6490","3180","1405","1915","2.0","4039","6435","163","14","86",".",".",".",".",".",".",".","90","10",".",".",".",".",".",".",".",".",".",".",".",".",".",".",".",".",".",".",".",".",".",".",".",".",".",".",".","800","580","310","2590","875","0","80","210","125","55","245","165","3690","1000","2690","3090","600","0.6","1131","245","240","0.7","0.9","0.4",".",".","345","326","18","1025","1","1","2769"
"Banne Buiksloot","Amsterdam","Buurt","BU03630670","1","13840","6670","7165","2825","1725","3720","3365","2210","7305","4505","1345","695","1380","6945","1890","195","1300","1495","2060","205","14","140","10","6135","2595","1280","2270","2.2","8353","5853","168","17","83",".",".",".",".",".",".",".","86","14",".",".",".",".",".",".",".",".",".",".",".",".",".",".",".",".",".",".",".",".",".",".",".",".",".",".",".","950","790","400","2170","575","0","95","90","120","25","145","105","3960","980","2980","3230","730","0.6","2391","260","215","0.6","0.9","1.0",".",".","183","166","17","1034","1","2","2322"
"Buiksloterham","Amsterdam","Buurt","BU03630671","1","1515","825","690","175","345","535","345","125","1045","375","90","20","215","275","25","30","70","30","125","25","17","5","3","950","580","235","145","1.6","618","868","221","1","99",".",".",".",".",".",".",".","4","96",".",".",".",".",".",".",".",".",".",".",".",".",".",".",".",".",".",".",".",".",".",".",".",".",".",".",".","40","40","20","130","1350","0","185","295","185","90","435","155","1255","785","470","755","495","1.3","510","820","70","0.9","0.9","0.8",".",".","387","246","141","1033","6","2","2203"
"Nieuwendammerham","Amsterdam","Buurt","BU03630672","1","140","80","55","15","30","45","30","20","95","35","15","5","30","25","5","0","10","5","15","0","0","0","0","80","45","30","15","1.7","210","67","212","22","78",".",".",".",".",".",".",".","100","0",".",".",".",".",".",".",".",".",".",".",".",".",".",".",".",".",".",".",".",".",".",".",".",".",".",".",".","0","0","0","20","505","0","55","115","75","35","145","80","280","180","100","125","155",".",".","200","10","0.7","0.3","0.3",".",".","117","67","50","1021","4","2","2258"
"Waterland","Amsterdam","Buurt","BU03630673","1","2160","1100","1060","375","230","380","765","425","1050","905","125","95","195","100","0","10","25","10","55","15","6","10","5","900","250","305","350","2.4","92","828","441","87","13",".",".",".",".",".",".",".","83","17",".",".",".",".",".",".",".",".",".",".",".",".",".",".",".",".",".",".",".",".",".",".",".",".",".",".",".","20","70","30","420","385","35","40","45","35","40","110","75","1075","350","725","855","220","1.2","46","195","140","2.4","2.2","1.8",".",".","2635","2342","293","1023","6","5","236"
"Stadsdeel Zuidoost","Amsterdam","Wijk","WK036307","1","84455","41620","42835","15265","12495","24175","23590","8940","53620","17385","11220","2245","8130","54015","1745","4485","26015","895","20875","1050","12","510","6","43445","22495","6905","14050","1.9","4163","38643","141","24","76",".",".",".",".",".",".",".","88","12",".",".",".",".",".",".",".",".",".",".",".",".",".",".",".",".",".",".",".",".",".",".",".",".",".",".",".","6970","4320","3050","8760","5450","10","540","1305","775","475","1525","820","25200","8505","16690","20175","5025","0.6","1242","2125","1185","0.7","0.9","0.5",".",".","2211","2029","182",".",".","1","2598"
"Amstel III/Bullewijk","Amsterdam","Buurt","BU03630792","1","275","190","85","20","55","150","45","10","215","55","10","5","90","130","15","10","25","5","80","0","3","0","0","150","135","15","10","1.2","55","15",".",".",".",".",".",".",".",".",".",".",".",".",".",".",".",".",".",".",".",".",".",".",".",".",".",".",".",".",".",".",".",".",".",".",".",".",".",".",".","0","10","0","10","1485","0","110","420","175","305","380","90","3785","3485","300","2280","1510",".",".","950","20","1.6","1.8","0.9",".",".","533","504","29","1101","2","3","1178"
"Bijlmer-Centrum (D, F, H)","Amsterdam","Buurt","BU03630793","1","23130","11645","11485","4330","4200","7340","5825","1445","16250","3490","3010","390","2215","17070","620","1425","7625","415","6985","325","14","105","4","12490","7110","1660","3730","1.8","7607","10875","123","8","92",".",".",".",".",".",".",".","80","20",".",".",".",".",".",".",".",".",".",".",".",".",".",".",".",".",".",".",".",".",".",".",".",".",".",".",".","2320","1100","830","1400","1210","0","100","335","160","50","305","255","4775","995","3785","3820","955","0.4","1571","260","230","0.6","1.0","0.5",".",".","313","304","9","1102","1","1","2907"
"Bijlmer-Oost (E, G, K)","Amsterdam","Buurt","BU03630794","1","26755","13315","13440","4960","3850","7630","7410","2905","16990","5270","3835","665","2425","18575","525","1565","8765","245","7475","365","13","170","6","13935","7445","2090","4405","1.9","7103","11958","144","30","70",".",".",".",".",".",".",".","80","20",".",".",".",".",".",".",".",".",".",".",".",".",".",".",".",".",".",".",".",".",".",".",".",".",".",".",".","2390","1230","1030","2850","1250","0","135","260","195","50","390","215","6575","1335","5240","5415","1165","0.5","1746","370","305","0.6","0.8","0.5",".",".","407","377","31","1103","5","1","3010"
"Nellestein","Amsterdam","Buurt","BU03630795","1","3000","1545","1455","395","250","915","840","610","1740","710","395","170","535","905","20","85","405","20","375","25","8","40","12","1735","995","395","355","1.7","1371","1680","131","1","99",".",".",".",".",".",".",".","100","0",".",".",".",".",".",".",".",".",".",".",".",".",".",".",".",".",".",".",".",".",".",".",".",".",".",".",".","60","120","110","600","215","0","25","30","35","15","75","30","1085","310","775","945","140","0.6","495","50","90","1.0","1.5","0.5",".",".","297","219","78","1108","1","2","1889"
"Holendrecht/Reigersbos","Amsterdam","Buurt","BU03630796","1","18250","8550","9700","3385","2480","4715","5145","2530","11125","4015","2465","655","1545","11275","365","955","6070","150","3740","200","11","115","6","9010","4305","1505","3210","2.0","7030","8355","143","27","73",".",".",".",".",".",".",".","100","0",".",".",".",".",".",".",".",".",".",".",".",".",".",".",".",".",".",".",".",".",".",".",".",".",".",".",".","1490","1100","640","2490","685","0","65","155","100","20","200","145","4660","1135","3520","4025","635","0.5","1795","235","235","0.8","0.8","0.7",".",".","269","260","9","1106","4","2","2479"
"Gein","Amsterdam","Buurt","BU03630797","1","11550","5655","5895","1915","1485","3115","3845","1200","6610","3245","1405","300","1200","5950","190","430","3070","60","2210","120","10","75","6","5490","2350","1060","2085","2.1","6252","5134","161","42","58",".",".",".",".",".",".",".","100","0",".",".",".",".",".",".",".",".",".",".",".",".",".",".",".",".",".",".",".",".",".",".",".",".",".",".",".","680","700","410","1170","490","0","70","80","105","20","140","70","3640","1030","2610","3100","540","0.7","1969","180","250","0.7","0.8","0.7",".",".","191","185","7","1106","5","2","2078"
"Driemond","Amsterdam","Buurt","BU03630798","1","1485","715","770","265","175","320","485","250","700","615","115","70","130","120","20","20","60","5","20","10","7","5","4","625","175","195","265","2.4","826","626","224","85","15",".",".",".",".",".",".",".","98","2",".",".",".",".",".",".",".",".",".",".",".",".",".",".",".",".",".",".",".",".",".",".",".",".",".",".",".","20","50","40","240","120","5","30","20","5","10","30","15","675","220","455","595","80","1.1","374","80","60","2.6","0.5","0.3",".",".","201","180","21","1109","1","5","413"
"� Centraal Bureau voor de Statistiek, Den Haag/Heerlen 9-8-2016"
